coefficient_index,coefficient
0,69248.51690385841
1,2398.7988002144957
2,1160.3656584476316
3,-103.10198063999698
4,-477.58196051492496
5,-495.1234740842051
6,-199.71415316193134
