diagnostic_bucket,n,MAE,RMSE,max_abs,within_0_3,within_0_5
under_c22_cluster,3,1.3787139400675554,1.3808096082447192,1.4366886273489148,0,0
over_c22_cluster,6,0.7484508153732509,0.7628797610491934,1.0027190885603185,0,0
watch_within_0_5,33,0.38066450374799715,0.3860080287141746,0.49505702722323885,0,33
ok_within_0_3,244,0.12910799861382055,0.15080373961359528,0.29995197899838555,244,244
