diagnostic_bucket,n,MAE,RMSE,max_abs,within_0_3,within_0_5
watch_within_0_5,21,0.3702506053237086,0.37505196234069255,0.49719304899700667,0,21
ok_within_0_3,115,0.1266509285443184,0.14825251122216704,0.2961748654211185,115,115
