{
  "schema_version": 1,
  "target_codes": [
    "C18:2N6C",
    "C18:1N9C",
    "C18:3N3",
    "C20:4N6",
    "C20:5",
    "C20:3N8",
    "C22:6",
    "C22:5",
    "C22:4"
  ],
  "global": {
    "n_rows": 1350,
    "n_samples": 150
  },
  "targets": {
    "C18:2N6C": {
      "rt": {
        "n": 150,
        "median": 7.586166666666667,
        "mean": 7.586543810457516,
        "std": 0.003206124339160582,
        "q25": 7.5841875000000005,
        "q75": 7.588404166666667,
        "robust_scale": 0.0031875899999995504
      },
      "width": {
        "n": 150,
        "median": 0.034433333333333635,
        "mean": 0.03521380392156858,
        "std": 0.0028016616322089102,
        "q25": 0.03421666666666639,
        "q75": 0.03531666666666645,
        "robust_scale": 0.0028016616322089102
      },
      "left_width": {
        "n": 150,
        "median": 0.017883333333333647,
        "mean": 0.018805052287581774,
        "std": 0.0031235329467140735,
        "q25": 0.017550000000000107,
        "q75": 0.01821666666666667,
        "robust_scale": 0.0031235329467140735
      },
      "right_width": {
        "n": 150,
        "median": 0.0166666666666666,
        "mean": 0.016408751633986772,
        "std": 0.0014483501686890746,
        "q25": 0.016549999999999263,
        "q75": 0.01666666666666712,
        "robust_scale": 0.002
      },
      "chi2_like_rt_mean": 2.093462678029657,
      "chi2_like_width_mean": 1.1490518107164056,
      "status_top": {
        "matched_rt_baseexpand": 127,
        "matched_rt_valley": 19,
        "matched_rt_valley_baseexpand": 3,
        "matched_c18_local_bounds_valley": 1
      }
    },
    "C18:1N9C": {
      "rt": {
        "n": 150,
        "median": 7.6188416666666665,
        "mean": 7.61916760130719,
        "std": 0.002651631257733776,
        "q25": 7.6171625,
        "q75": 7.620945833333334,
        "robust_scale": 0.002705745000000673
      },
      "width": {
        "n": 150,
        "median": 0.03119166666666652,
        "mean": 0.03151399346405227,
        "std": 0.0027774825323319046,
        "q25": 0.030449999999999144,
        "q75": 0.03285000000000029,
        "robust_scale": 0.0032086432013395966
      },
      "left_width": {
        "n": 150,
        "median": 0.01643333333333329,
        "mean": 0.0158425163398693,
        "std": 0.001358580017602728,
        "q25": 0.01582083333333335,
        "q75": 0.0166666666666666,
        "robust_scale": 0.002
      },
      "right_width": {
        "n": 150,
        "median": 0.014866666666666827,
        "mean": 0.01567147712418293,
        "std": 0.002531028826789998,
        "q25": 0.013999999999999613,
        "q75": 0.016749999999999734,
        "robust_scale": 0.002904748106926775
      },
      "chi2_like_rt_mean": 1.2202816790733917,
      "chi2_like_width_mean": 0.5534184344663625,
      "status_top": {
        "matched_c18_rule": 72,
        "matched_c18_rule_baseexpand": 55,
        "matched_c18_rule_valley_baseexpand": 12,
        "matched_c18_rule_valley": 10,
        "matched_c18_local_bounds_valley": 1
      }
    },
    "C18:3N3": {
      "rt": {
        "n": 150,
        "median": 7.6477916666666665,
        "mean": 7.6478692679738565,
        "std": 0.0025664984774120755,
        "q25": 7.645970833333333,
        "q75": 7.649558333333333,
        "robust_scale": 0.002779874999999908
      },
      "width": {
        "n": 150,
        "median": 0.045583333333333316,
        "mean": 0.04388877124183003,
        "std": 0.01080065676175497,
        "q25": 0.04210833333333312,
        "q75": 0.04752916666666652,
        "robust_scale": 0.0034841100000004913
      },
      "left_width": {
        "n": 150,
        "median": 0.008116666666666796,
        "mean": 0.00939879084967327,
        "std": 0.002903759907557484,
        "q25": 0.007783333333333616,
        "q75": 0.011166666666666622,
        "robust_scale": 0.002903759907557484
      },
      "right_width": {
        "n": 150,
        "median": 0.03779166666666631,
        "mean": 0.0344899803921567,
        "std": 0.0103945783499401,
        "q25": 0.027999999999999498,
        "q75": 0.03943750000000013,
        "robust_scale": 0.0037188550000007894
      },
      "chi2_like_rt_mean": 1.4836658500899584,
      "chi2_like_width_mean": 9.45547933634475,
      "status_top": {
        "matched_c18_rule": 115,
        "matched_c18_rule_valley": 13,
        "matched_c18_rule_baseexpand": 12,
        "matched_c18_rule_valley_baseexpand": 9,
        "matched_c18_local_bounds_valley_baseexpand": 1
      }
    },
    "C20:4N6": {
      "rt": {
        "n": 150,
        "median": 8.377666666666666,
        "mean": 8.377466121773487,
        "std": 0.0024293797498187585,
        "q25": 8.375520833333333,
        "q75": 8.379225,
        "robust_scale": 0.002622287789154506
      },
      "width": {
        "n": 150,
        "median": 0.04679999999999972,
        "mean": 0.04593944564132002,
        "std": 0.004283726531605167,
        "q25": 0.04507916666666572,
        "q75": 0.048016666666667665,
        "robust_scale": 0.0025817238348232346
      },
      "left_width": {
        "n": 150,
        "median": 0.02577500000000007,
        "mean": 0.025619487786557444,
        "std": 0.002812718180007935,
        "q25": 0.025216666666667206,
        "q75": 0.026443878589402496,
        "robust_scale": 0.002812718180007935
      },
      "right_width": {
        "n": 150,
        "median": 0.020575000000000156,
        "mean": 0.020319957854762528,
        "std": 0.002384099240935317,
        "q25": 0.019233333333332218,
        "q75": 0.021906777843152973,
        "robust_scale": 0.0022705523162913936
      },
      "chi2_like_rt_mean": 1.1799552211730922,
      "chi2_like_width_mean": 1.055654361681439,
      "status_top": {
        "matched_c20_rule": 69,
        "matched_c20_local": 52,
        "matched_c20_fit": 28,
        "matched_c20_rule_baseexpand": 1
      }
    },
    "C20:5": {
      "rt": {
        "n": 150,
        "median": 8.4078,
        "mean": 8.407974243568056,
        "std": 0.002962439132562681,
        "q25": 8.405808333333333,
        "q75": 8.409295833333331,
        "robust_scale": 0.002471000000000386
      },
      "width": {
        "n": 150,
        "median": 0.03489265827595874,
        "mean": 0.03285416074749582,
        "std": 0.006655813274157648,
        "q25": 0.030716666666667038,
        "q75": 0.037706658268397704,
        "robust_scale": 0.004968206310249913
      },
      "left_width": {
        "n": 150,
        "median": 0.012387817907113161,
        "mean": 0.011457484201245857,
        "std": 0.0031819023374913677,
        "q25": 0.00864999999999988,
        "q75": 0.014666666666666169,
        "robust_scale": 0.0033765441620250075
      },
      "right_width": {
        "n": 150,
        "median": 0.022883333333333748,
        "mean": 0.021396676546249924,
        "std": 0.004412671410793492,
        "q25": 0.020685550139274835,
        "q75": 0.024060562849401248,
        "robust_scale": 0.0031237192966457744
      },
      "chi2_like_rt_mean": 1.9619485177043805,
      "chi2_like_width_mean": 3.5397961755467575,
      "status_top": {
        "matched_c20_rule": 52,
        "matched_c20_local": 33,
        "matched_c20_fit": 28,
        "matched_c20_local_baseexpand": 19,
        "matched_c20_rule_baseexpand": 18
      }
    },
    "C20:3N8": {
      "rt": {
        "n": 150,
        "median": 8.463819708337473,
        "mean": 8.463811619686894,
        "std": 0.0024806809050637755,
        "q25": 8.461854166666667,
        "q75": 8.465233333333334,
        "robust_scale": 0.0026731895811379046
      },
      "width": {
        "n": 150,
        "median": 0.055666666666667745,
        "mean": 0.056829779641558276,
        "std": 0.0043547752519179205,
        "q25": 0.05531666666666558,
        "q75": 0.05635,
        "robust_scale": 0.0043547752519179205
      },
      "left_width": {
        "n": 150,