{
  "schema_version": 1,
  "target_codes": [
    "C18:2N6C",
    "C18:1N9C",
    "C18:3N3",
    "C20:4N6",
    "C20:5",
    "C20:3N8",
    "C22:6",
    "C22:5",
    "C22:4"
  ],
  "global": {
    "n_rows": 306,
    "n_samples": 34
  },
  "targets": {
    "C18:2N6C": {
      "rt": {
        "n": 34,
        "median": 7.5885,
        "mean": 7.58864705882353,
        "std": 0.0032549019607842496,
        "q25": 7.586083333333334,
        "q75": 7.591,
        "robust_scale": 0.0037064999999992625
      },
      "width": {
        "n": 34,
        "median": 0.034666666666666804,
        "mean": 0.03545098039215675,
        "std": 0.0032316676050329757,
        "q25": 0.0343333333333335,
        "q75": 0.03566666666666647,
        "robust_scale": 0.0032316676050329757
      },
      "left_width": {
        "n": 34,
        "median": 0.0180000000000006,
        "mean": 0.019068627450980452,
        "std": 0.0033164074307642168,
        "q25": 0.0176666666666669,
        "q75": 0.0183333333333335,
        "robust_scale": 0.0033164074307642168
      },
      "right_width": {
        "n": 34,
        "median": 0.0166666666666666,
        "mean": 0.016382352941176265,
        "std": 0.0016191911822211595,
        "q25": 0.0166666666666657,
        "q75": 0.0166666666666674,
        "robust_scale": 0.002
      },
      "chi2_like_rt_mean": 0.7727400749471284,
      "chi2_like_width_mean": 1.0589014872625153,
      "status_top": {
        "matched_rt_baseexpand": 27,
        "matched_rt_valley": 6,
        "matched_rt": 1
      }
    },
    "C18:1N9C": {
      "rt": {
        "n": 34,
        "median": 7.621,
        "mean": 7.621205882352941,
        "std": 0.0027900555267536503,
        "q25": 7.619,
        "q75": 7.62325,
        "robust_scale": 0.00296520000000099
      },
      "width": {
        "n": 34,
        "median": 0.03066666666666635,
        "mean": 0.030637254901960755,
        "std": 0.0026744587712917538,
        "q25": 0.030333333333332425,
        "q75": 0.0313333333333334,
        "robust_scale": 0.0026744587712917538
      },
      "left_width": {
        "n": 34,
        "median": 0.0166666666666666,
        "mean": 0.015823529411764754,
        "std": 0.001580591628534693,
        "q25": 0.0160833333333332,
        "q75": 0.0166666666666666,
        "robust_scale": 0.002
      },
      "right_width": {
        "n": 34,
        "median": 0.0141666666666666,
        "mean": 0.014813725490195946,
        "std": 0.0022069278568108085,
        "q25": 0.0139999999999993,
        "q75": 0.014999999999999375,
        "robust_scale": 0.0022069278568108085
      },
      "chi2_like_rt_mean": 0.8901764658190673,
      "chi2_like_width_mean": 1.0001209401077686,
      "status_top": {
        "matched_c18_rule_baseexpand": 27,
        "matched_c18_rule_valley": 4,
        "matched_c18_rule_valley_baseexpand": 2,
        "matched_c18_rule": 1
      }
    },
    "C18:3N3": {
      "rt": {
        "n": 34,
        "median": 7.6498333333333335,
        "mean": 7.649872549019608,
        "std": 0.0026544015805571456,
        "q25": 7.64775,
        "q75": 7.651833333333333,
        "robust_scale": 0.0032122999999999752
      },
      "width": {
        "n": 34,
        "median": 0.0449999999999999,
        "mean": 0.044303921568627405,
        "std": 0.00950416752312227,
        "q25": 0.04216666666666645,
        "q75": 0.046916666666666475,
        "robust_scale": 0.0029652000000010364
      },
      "left_width": {
        "n": 34,
        "median": 0.008,
        "mean": 0.009392156862745239,
        "std": 0.00291992321082135,
        "q25": 0.0076666666666671,
        "q75": 0.012333333333333224,
        "robust_scale": 0.00291992321082135
      },
      "right_width": {
        "n": 34,
        "median": 0.037499999999999145,
        "mean": 0.0349117647058821,
        "std": 0.009552164598655136,
        "q25": 0.0279999999999995,
        "q75": 0.0390000000000003,
        "robust_scale": 0.0034594000000009203
      },
      "chi2_like_rt_mean": 0.6829608997782498,
      "chi2_like_width_mean": 10.328648771876644,
      "status_top": {
        "matched_c18_rule": 22,
        "matched_c18_rule_baseexpand": 6,
        "matched_c18_rule_valley": 4,
        "matched_c18_rule_valley_baseexpand": 2
      }
    },
    "C20:4N6": {
      "rt": {
        "n": 34,
        "median": 8.38,
        "mean": 8.37956528899478,
        "std": 0.002583076879673267,
        "q25": 8.377416666666667,
        "q75": 8.3815,
        "robust_scale": 0.0029651999999996733
      },
      "width": {
        "n": 34,
        "median": 0.0463333333333331,
        "mean": 0.0454217732666897,
        "std": 0.004842365687356815,
        "q25": 0.04458333333333225,
        "q75": 0.047666666666668,
        "robust_scale": 0.0022238999999999965
      },
      "left_width": {
        "n": 34,
        "median": 0.025833333333333798,
        "mean": 0.025545681151639313,
        "std": 0.0030796681167111046,
        "q25": 0.025333333333334,
        "q75": 0.026323915778568574,
        "robust_scale": 0.0030796681167111046
      },
      "right_width": {
        "n": 34,
        "median": 0.02016666666666725,
        "mean": 0.01987609211505034,
        "std": 0.0021626189481404167,
        "q25": 0.01899999999999875,
        "q75": 0.021318119758697098,
        "robust_scale": 0.0021626189481404167
      },
      "chi2_like_rt_mean": 0.7803615860487578,
      "chi2_like_width_mean": 4.909172410360256,
      "status_top": {
        "matched_c20_local": 27,
        "matched_c20_rule_baseexpand": 3,
        "matched_c20_fit": 2,
        "matched_c20_rule": 2
      }
    },
    "C20:5": {
      "rt": {
        "n": 34,
        "median": 8.409666666666666,
        "mean": 8.409638592849735,
        "std": 0.002717598117691569,
        "q25": 8.4075,
        "q75": 8.411249999999999,
        "robust_scale": 0.002471000000000386
      },
      "width": {
        "n": 34,
        "median": 0.035999999999999546,
        "mean": 0.03435931287545114,
        "std": 0.005382206783887857,
        "q25": 0.03141666666666727,
        "q75": 0.038583333333331554,
        "robust_scale": 0.004941999999999435
      },
      "left_width": {
        "n": 34,
        "median": 0.01416666666666795,
        "mean": 0.01197172154382977,
        "std": 0.002998569742985488,
        "q25": 0.0090000000000003,
        "q75": 0.0146666666666668,
        "robust_scale": 0.002998569742985488
      },
      "right_width": {
        "n": 34,
        "median": 0.0229999999999996,
        "mean": 0.02238759133162132,
        "std": 0.0032090758409922234,
        "q25": 0.0219999999999984,
        "q75": 0.0239166666666661,
        "robust_scale": 0.0032090758409922234
      },
      "chi2_like_rt_mean": 1.2096822810282035,
      "chi2_like_width_mean": 1.2962998915790083,
      "status_top": {
        "matched_c20_local_baseexpand": 15,
        "matched_c20_local": 12,
        "matched_c20_rule_baseexpand": 3,
        "matched_c20_fit": 2,
        "matched_c20_rule": 2
      }
    },
    "C20:3N8": {
      "rt": {
        "n": 34,
        "median": 8.466,
        "mean": 8.465846196680829,
        "std": 0.002668417519946663,
        "q25": 8.46375,
        "q75": 8.467333333333334,
        "robust_scale": 0.0029651999999996733
      },
      "width": {
        "n": 34,
        "median": 0.055666666666668044,
        "mean": 0.056042443269623654,
        "std": 0.002838165802425432,
        "q25": 0.0556666666666654,
        "q75": 0.0559999999999991,
        "robust_scale": 0.002838165802425432
      },
      "left_width": {
        "n": 34,
        "median": 0.0280000000000004,
        "mean": 0.030025894852413006,
        "std": 0.0025973066157975707,
        "q25": 0.0279999999999986,
        "q75": 0.03266666666666705,
        "robust_scale": 0.0025973066157975707
      },
      "right_width": {
        "n": 34,
        "median": 0.0276666666666685,
        "mean": 0.02601654841721057,